Row Labels,Count of Connections_0_LevelID,
1,22,0.009087154
2,2253,0.930607187
3,146,0.060305659
(blank),,
Grand Total,2421,